partner,category,integration_speed,sovereignty_fit,erp_compatibility,compliance_leverage,operational_control_value,buyer_trust_impact,cost_switching_risk,weighted_score,shortlist_rank,recommendation_tier
QuickNode,Bitcoin infra,4.0,3.0,2.0,3.0,3.5,4.0,3.0,3.38,1,first_wave
Hiro,Bitcoin infra,2.5,4.0,2.0,2.5,3.5,3.0,2.5,2.80,2,monitor
TRM,Compliance analytics,3.5,3.0,2.5,4.5,4.0,4.5,2.5,3.58,1,first_wave
Chainalysis,Compliance analytics,3.5,2.5,2.5,4.5,3.5,4.5,2.5,3.45,2,second_wave
Fireblocks,Custody/KMS,4.5,3.5,3.0,4.0,4.5,4.0,3.0,3.98,1,first_wave
BitGo,Custody/KMS,3.5,4.0,2.5,3.5,4.0,4.0,3.0,3.53,2,second_wave
SAP,ERP,3.0,3.0,4.5,3.5,3.5,4.5,2.5,3.40,1,first_wave
Oracle/NetSuite,ERP,3.5,2.5,4.0,3.0,3.0,4.0,2.0,3.20,2,discovery_lane
Circle,Payments/settlement,4.0,2.5,2.0,4.0,3.5,4.5,2.5,3.48,1,first_wave
